{
    "criteria": {
        "athrah": {
            "trigger": "minecraft:location",
            "conditions": {
                "dimension": "overworld",
                "position": {
                    "x": {
                        "max": -2637,
                        "min": -2767
                    },
                    "y": {
                        "max": 255,
                        "min": 0
                    },
                    "z": {
                        "max": -1700,
                        "min": -1847
                    }
                }
            }
        }
    },
    "display": {
        "title": {
            "color": "gold",
            "text": "Jewel of Casai"
        },
        "description": {
            "color": "gray",
            "italic": false,
            "text": "Once an important trade port, thanks to their now-dysfunctional Teleportation Pier. - Discovered Athrah"
        },
        "icon": {
            "item": "minecraft:emerald"
        },
        "frame": "task",
        "show_toast": true,
        "announce_to_chat": true,
        "hidden": true
    },
    "parent": "towns:root"
}