{
    "criteria": {
        "drabyel": {
            "trigger": "minecraft:location",
            "conditions": {
                "dimension": "overworld",
                "position": {
                    "x": {
                        "min": 502,
                        "max": 580
                    },
                    "y": {
                        "min": 0,
                        "max": 150
                    },
                    "z": {
                        "min": 1800,
                        "max": 1889
                    }
                }
            }
        }
    },
    "display": {
        "title": {
            "bold": false,
            "color": "green",
            "text": "Children of Drehmal"
        },
        "description": {
            "color": "gray",
            "italic": false,
            "text": "All Drehmari are welcome here. Stay and rest, tomorrow can wait. - Discover Drabyel",
            "underlined": false
        },
        "icon": {
            "item": "minecraft:grass_block"
        },
        "frame": "task",
        "show_toast": true,
        "announce_to_chat": true,
        "hidden": true
    },
    "rewards": {
        "experience": 50
    },
    "parent": "towns:root"
}