{
    "criteria": {
        "dusps": {
            "trigger": "minecraft:location",
            "conditions": {
                "dimension": "overworld",
                "position": {
                    "x": {
                        "max": 2200,
                        "min": 2042
                    },
                    "y": {
                        "max": 255,
                        "min": 0
                    },
                    "z": {
                        "max": -813,
                        "min": -861
                    }
                }
            }
        }
    },
    "display": {
        "title": {
            "color": "light_purple",
            "text": "The Painted City"
        },
        "description": {
            "color": "gray",
            "italic": false,
            "text": "Regarded as the largest and most beautiful city in present-day Drehmal, Dusps is a marvel of architecture and commerce... if you aren't in poverty, that is. - Discovered Dusps"
        },
        "icon": {
            "item": "minecraft:dandelion"
        },
        "frame": "task",
        "show_toast": true,
        "announce_to_chat": true,
        "hidden": true
    },
    "parent": "towns:root"
}