{
    "criteria": {
        "ebonrun": {
            "trigger": "minecraft:location",
            "conditions": {
                "dimension": "overworld",
                "position": {
                    "x": {
                        "max": -2928,
                        "min": -3034
                    },
                    "y": {
                        "max": 225,
                        "min": 116
                    },
                    "z": {
                        "max": -142,
                        "min": -245
                    }
                }
            }
        }
    },
    "display": {
        "title": {
            "color": "dark_red",
            "text": "Children of Mael"
        },
        "description": {
            "color": "gray",
            "italic": false,
            "text": "Perhaps one day they will break free from the chains Maelihs has put upon them. - Discovered Ebonrun"
        },
        "icon": {
            "item": "minecraft:coal_block"
        },
        "frame": "task",
        "show_toast": true,
        "announce_to_chat": true,
        "hidden": true
    },
    "parent": "towns:root"
}