{
    "criteria": {
        "firteid": {
            "trigger": "minecraft:location",
            "conditions": {
                "dimension": "overworld",
                "position": {
                    "x": {
                        "max": 4041,
                        "min": 3718
                    },
                    "y": {
                        "max": 255,
                        "min": 0
                    },
                    "z": {
                        "max": 3548,
                        "min": 3420
                    }
                }
            }
        }
    },
    "display": {
        "title": {
            "color": "aqua",
            "text": "City of Tides"
        },
        "description": {
            "color": "gray",
            "italic": false,
            "text": "Once ruled by a tyrannical Tide-Queen, now they are free. Discovered Firteid"
        },
        "icon": {
            "item": "minecraft:blue_orchid"
        },
        "frame": "task",
        "show_toast": true,
        "announce_to_chat": true,
        "hidden": true
    },
    "parent": "towns:root"
}