{
    "criteria": {
        "gozak": {
            "trigger": "minecraft:location",
            "conditions": {
                "dimension": "overworld",
                "position": {
                    "x": {
                        "max": 2310,
                        "min": 2224
                    },
                    "y": {
                        "max": 255,
                        "min": 0
                    },
                    "z": {
                        "max": 2522,
                        "min": 2413
                    }
                }
            }
        }
    },
    "display": {
        "title": {
            "color": "dark_green",
            "text": "People of The Heartwood"
        },
        "description": {
            "color": "gray",
            "italic": false,
            "text": "Once proud guardians of the forest, they now hide away after half of it was destroyed. - Discovered Gozak"
        },
        "icon": {
            "item": "minecraft:dark_oak_sapling"
        },
        "frame": "task",
        "show_toast": true,
        "announce_to_chat": true,
        "hidden": true
    },
    "parent": "towns:root"
}