{
    "criteria": {
        "highfall": {
            "trigger": "minecraft:location",
            "conditions": {
                "dimension": "overworld",
                "position": {
                    "x": {
                        "max": 6209,
                        "min": 5853
                    },
                    "y": {
                        "max": 255,
                        "min": 0
                    },
                    "z": {
                        "max": -1044,
                        "min": -1192
                    }
                }
            }
        }
    },
    "display": {
        "title": {
            "color": "yellow",
            "text": "Impoverished Nobles"
        },
        "description": {
            "color": "gray",
            "italic": false,
            "strikethrough": false,
            "text": "Highfall was once exceptionally wealthy, but now trade has ceased and the once-noble people have fallen to poverty. - Discovered Highfall"
        },
        "icon": {
            "item": "minecraft:gold_nugget"
        },
        "frame": "task",
        "show_toast": true,
        "announce_to_chat": true,
        "hidden": true
    },
    "parent": "towns:root"
}