{
    "criteria": {
        "hole": {
            "trigger": "minecraft:location",
            "conditions": {
                "dimension": "overworld",
                "position": {
                    "x": {
                        "max": 3750,
                        "min": 3710
                    },
                    "y": {
                        "max": 55,
                        "min": 15
                    },
                    "z": {
                        "max": 3526,
                        "min": 3465
                    }
                }
            }
        }
    },
    "display": {
        "title": {
            "color": "dark_purple",
            "text": "It was made for me!"
        },
        "description": {
            "color": "gray",
            "italic": false,
            "text": "How far does this go...? - Discovered something beneath the Tidal Palace"
        },
        "icon": {
            "item": "minecraft:black_concrete"
        },
        "frame": "task",
        "show_toast": true,
        "announce_to_chat": true,
        "hidden": true
    },
    "parent": "towns:firteid"
}