{
    "criteria": {
        "okeke": {
            "trigger": "minecraft:location",
            "conditions": {
                "dimension": "overworld",
                "position": {
                    "x": {
                        "max": -1540,
                        "min": -1580
                    },
                    "y": {
                        "max": 255,
                        "min": 0
                    },
                    "z": {
                        "max": -430,
                        "min": -495
                    }
                }
            }
        }
    },
    "display": {
        "title": {
            "color": "red",
            "text": "Village of Autumn"
        },
        "description": {
            "color": "gray",
            "italic": false,
            "text": "Merijool used to be a jungle, but with the Frostfang Catastrophe it slowly changed into an autumnal forest. - Discovered Okeke"
        },
        "icon": {
            "item": "minecraft:cracked_stone_bricks"
        },
        "frame": "task",
        "show_toast": true,
        "announce_to_chat": true,
        "hidden": true
    },
    "parent": "towns:root"
}