{
    "criteria": {
        "mohta": {
            "trigger": "minecraft:location",
            "conditions": {
                "dimension": "overworld",
                "position": {
                    "x": {
                        "max": 60,
                        "min": -80
                    },
                    "y": {
                        "max": 255,
                        "min": 0
                    },
                    "z": {
                        "max": 5340,
                        "min": 5237
                    }
                }
            }
        }
    },
    "display": {
        "announce_to_chat": true,
        "description": {
            "color": "gray",
            "italic": false,
            "text": "Lorahn’Kahl was once home to the Tri-Moon Theocracy, a cult-kingdom of jungle necromancers. This village was established long after their fall. - Discovered Mohta"
        },
        "frame": "task",
        "hidden": true,
        "icon": {
            "item": "minecraft:cyan_stained_glass"
        },
        "show_toast": true,
        "title": {
            "color": "dark_aqua",
            "text": "Village of Three Moons"
        }
    },
    "parent": "towns:root"
}