{
    "criteria": {
        "mossfield": {
            "trigger": "minecraft:location",
            "conditions": {
                "dimension": "overworld",
                "position": {
                    "x": {
                        "min": 4077,
                        "max": 4187
                    },
                    "y": {
                        "min": 0,
                        "max": 255
                    },
                    "z": {
                        "min": 1637,
                        "max": 1786
                    }
                }
            }
        }
    },
    "display": {
        "title": {
            "color": "blue",
            "text": "Children of Virtuo"
        },
        "description": {
            "color": "gray",
            "italic": false,
            "text": "Everything in the East is under the protection of Virtuo and her angelic Virmari. - Discovered New Mossfield"
        },
        "icon": {
            "item": "minecraft:spruce_sapling"
        },
        "frame": "task",
        "show_toast": true,
        "announce_to_chat": true,
        "hidden": true
    },
    "parent": "towns:root"
}