{
    "criteria": {
        "nimahj": {
            "trigger": "minecraft:location",
            "conditions": {
                "dimension": "overworld",
                "position": {
                    "x": {
                        "max": -1696,
                        "min": -1739
                    },
                    "y": {
                        "max": 190,
                        "min": 148
                    },
                    "z": {
                        "max": 1905,
                        "min": 1858
                    }
                }
            }
        }
    },
    "display": {
        "title": {
            "text": "The Old Guard"
        },
        "description": {
            "color": "gray",
            "italic": false,
            "text": "This fortress has remained standing since the reign of Avsohm, hundreds of years ago. - Discovered Fort Nimahj"
        },
        "icon": {
            "item": "minecraft:iron_sword"
        },
        "frame": "task",
        "show_toast": true,
        "announce_to_chat": true,
        "hidden": true
    },
    "parent": "towns:root"
}