{
    "criteria": {
        "initialize": {
            "trigger": "minecraft:enter_block",
            "conditions": {
                "block": "minecraft:air"
            }
        }
    },
    "display": {
        "title": {
            "text": "CIVILIZATION",
            "color": "white",
            "bold": true,
            "italic": false
        },
        "description": {
            "color": "gray",
            "italic": false,
            "bold": false,
            "text": "Drehmal lies in ruin, few of us remain. We stand strong, but broken."
        },
        "icon": {
            "item": "minecraft:red_bed"
        },
        "frame": "task",
        "show_toast": true,
        "announce_to_chat": false,
        "hidden": false,
        "background": "minecraft:textures/gui/advancements/backgrounds/stone.png"
    }
}