{
    "criteria": {
        "sahd": {
            "trigger": "minecraft:location",
            "conditions": {
                "dimension": "overworld",
                "position": {
                    "x": {
                        "max": 4891,
                        "min": 4751
                    },
                    "y": {
                        "max": 255,
                        "min": 0
                    },
                    "z": {
                        "max": 5796,
                        "min": 5657
                    }
                }
            }
        }
    },
    "display": {
        "title": {
            "color": "green",
            "text": "The Forgotten City"
        },
        "description": {
            "color": "gray",
            "italic": false,
            "text": "The island of Sahd was wiped from history by Firteid's Tide-Queen, leaving them in isolation for hundreds of years. - Discovered New Sahd"
        },
        "icon": {
            "item": "minecraft:magenta_terracotta"
        },
        "frame": "task",
        "show_toast": true,
        "announce_to_chat": true,
        "hidden": true
    },
    "parent": "towns:root"
}