{
    "criteria": {
        "tharxax": {
            "trigger": "minecraft:location",
            "conditions": {
                "dimension": "overworld",
                "position": {
                    "x": {
                        "max": -2116,
                        "min": -2239
                    },
                    "y": {
                        "max": 255,
                        "min": 0
                    },
                    "z": {
                        "max": 3707,
                        "min": 3577
                    }
                }
            }
        }
    },
    "display": {
        "title": {
            "color": "dark_gray",
            "text": "WUPOM (Wealthy Under Protection of Mael)"
        },
        "description": {
            "color": "gray",
            "text": "They believe themselves to be under ‘protection’ of Maelihs. How naive. - Discovered Tharxax City"
        },
        "icon": {
            "item": "minecraft:iron_block"
        },
        "frame": "task",
        "show_toast": true,
        "announce_to_chat": true,
        "hidden": true
    },
    "parent": "towns:root"
}