{
    "display": {
        "title": {
            "text": "At The Mountain of Madness",
            "color": "dark_gray"
        },
        "description": {
            "text": "Here you will find only Nothing. - Entered Mt. Yavhlix",
            "color": "gray",
            "italic": false
        },
        "icon": {
            "item": "minecraft:dead_brain_coral_block"
        },
        "frame": "task",
        "show_toast": true,
        "announce_to_chat": true,
        "hidden": true
    },
    "criteria": {
        "commandtrigger": {
            "trigger": "minecraft:impossible"
        }
    },
    "parent": "primordial:mythbreakerprotocols"
}