{
    "display": {
        "title": {
            "text": "Primal Heart",
            "color": "gold"
        },
        "description": {
            "text": "As Hovadchear fell, you swear that you heard him say \"thank you\". - Return to the place where you had risen, lest you wish not to be chosen.",
            "color": "gray"
        },
        "icon": {
            "item": "minecraft:ender_eye"
        },
        "frame": "task",
        "show_toast": true,
        "announce_to_chat": true,
        "hidden": true
    },
    "criteria": {
        "commandtrigger": {
            "trigger": "minecraft:impossible"
        }
    },
    "parent": "primordial:soul"
}