{
    "display": {
        "title": {
            "text": "Hunt For Exodus",
            "color": "blue"
        },
        "description": {
            "color": "gray",
            "text": "avSYS has summoned you to the Exodus Citadel: lat-2588 lon2220. - Restore Network Linkage to 50%",
            "italic": false
        },
        "icon": {
            "item": "minecraft:prismarine_bricks"
        },
        "frame": "task",
        "show_toast": true,
        "announce_to_chat": true,
        "hidden": true
    },
    "criteria": {
        "commandtrigger": {
            "trigger": "minecraft:impossible"
        }
    },
    "parent": "primordial:meit"
}