{
    "criteria": {
        "killdragon": {
            "trigger": "minecraft:player_killed_entity",
            "conditions": {
                "entity": {
                    "type": "minecraft:ender_dragon"
                }
            }
        }
    },
    "rewards": {
        "function": "primordial:killdragon"
    },
    "display": {
        "title": {
            "color": "light_purple",
            "text": "Myth-Slayer"
        },
        "description": {
            "text": "At what cost? - Defeat the Ender Dragon within Mt. Yavhlix and achieve Nothing",
            "italic": false,
            "color": "gray"
        },
        "icon": {
            "item": "minecraft:ender_pearl"
        },
        "frame": "task",
        "show_toast": true,
        "announce_to_chat": true,
        "hidden": true
    },
    "parent": "primordial:enteryavhlix"
}