{
    "criteria": {
        "commandtrigger": {
            "trigger": "minecraft:impossible"
        }
    },
    "display": {
        "title": {
            "color": "white",
            "text": "Scientific Progress"
        },
        "description": {
            "text": "avSYS has requested your presence at an \"Ancillary Research Facility\"... whatever that means. lat2250 lon997 - Restored Network Linkage to 25%",
            "color": "gray"
        },
        "icon": {
            "item": "minecraft:sea_lantern"
        },
        "frame": "task",
        "show_toast": true,
        "announce_to_chat": true,
        "hidden": true
    },
    "parent": "primordial:terminus"
}