{
    "display": {
        "title": {
            "text": "Primal Mind",
            "color": "gold"
        },
        "description": {
            "text": "Why are you doing this? - Deep within the mountain of holes, lies a place that will empty your soul.",
            "color": "gray"
        },
        "icon": {
            "item": "minecraft:yellow_dye"
        },
        "frame": "task",
        "show_toast": true,
        "announce_to_chat": true,
        "hidden": true
    },
    "criteria": {
        "commandtrigger": {
            "trigger": "minecraft:impossible"
        }
    },
    "parent": "primordial:thoughts"
}