{
    "display": {
        "title": {
            "color": "dark_red",
            "text": "Mythbreaker Protocols Activated"
        },
        "description": {
            "text": "avSYS has successfully executed Mythbreaker Protocols. The Mountain of Madness awaits: lat1841 lon-4266 - Achieved Full Network Linkage",
            "italic": false,
            "color": "gray"
        },
        "icon": {
            "item": "minecraft:nether_star"
        },
        "frame": "task",
        "show_toast": true,
        "announce_to_chat": true,
        "hidden": true
    },
    "criteria": {
        "commandtrigger": {
            "trigger": "minecraft:impossible"
        }
    },
    "parent": "primordial:vault"
}