{
    "display": {
        "title": {
            "bold": true,
            "text": "MYTHBREAKER",
            "color": "dark_purple"
        },
        "description": {
            "text": "An eldritch secret rests at Drehmal's heart. With it lies the truth of an ancient civilization's fall.",
            "italic": false,
            "color": "gray"
        },
        "icon": {
            "item": "minecraft:ender_eye"
        },
        "frame": "task",
        "show_toast": true,
        "announce_to_chat": false,
        "hidden": true
    },
    "criteria": {
        "world": {
            "trigger": "minecraft:location",
            "conditions": {
                "dimension": "overworld"
            }
        }
    },
    "parent": "primordial:root"
}