{
    "display": {
        "title": {
            "color": "yellow",
            "text": "The Paladin",
            "bold": false
        },
        "description": {
            "text": "The Paladin, a holy crusader of light and purity. Through your devotion to Virtuo you have been granted vitality far greater than the average Drehmari's.",
            "color": "gray",
            "italic": false
        },
        "icon": {
            "item": "minecraft:golden_sword"
        },
        "frame": "task",
        "show_toast": true,
        "announce_to_chat": true,
        "hidden": true
    },
    "criteria": {
        "commandtrigger": {
            "trigger": "minecraft:impossible"
        }
    },
    "rewards": {
        "recipes": [
            "primordial:paladinone","primordial:paladintwo","primordial:paladinthree","primordial:paladinfour","primordial:paladinfive","primordial:paladinsix"
        ]
    },
    "parent": "primordial:root"
}