{
    "display": {
        "title": {
            "text": "The Rogue",
            "bold": false,
            "color": "dark_red",
            "italic": false
        },
        "description": {
            "italic": false,
            "color": "gray",
            "text": "Deft and swift, The Rogue stalks the night. As a Rogue you have gained notorious speed, use it wisely."
        },
        "icon": {
            "item": "minecraft:bow"
        },
        "frame": "task",
        "show_toast": true,
        "announce_to_chat": true,
        "hidden": true
    },
    "rewards": {
        "recipes": [
            "primordial:rogueone","primordial:roguetwo","primordial:roguethree","primordial:roguefour","primordial:roguefive","primordial:roguesix"
        ]
    },
    "criteria": {
        "commandtrigger": {
            "trigger": "minecraft:impossible"
        }
    },
    "parent": "primordial:root"
}