{
    "criteria": {
        "initialize": {
            "trigger": "minecraft:enter_block",
            "conditions": {
                "block": "minecraft:air"
            }
        }
    },
    "rewards": {
        "function": "primordial:init"
    },
    "display": {
        "title": {
            "bold": true,
            "color": "gold",
            "italic": false,
            "text": "PRIMORDIAL"
        },
        "description": {
            "italic": false,
            "text": "You have awakened. - Enter Drehmal",
            "color": "gray"
        },
        "icon": {
            "item": "minecraft:yellow_stained_glass"
        },
        "frame": "task",
        "show_toast": true,
        "announce_to_chat": true,
        "hidden": false,
        "background": "minecraft:textures/gui/advancements/backgrounds/stone.png"
    }
}