{
    "display": {
        "title": {
            "text": "Primal Soul",
            "color": "gold"
        },
        "description": {
            "text": "Those halls sapped a part of your soul that you will never get back. - Atop the island of the rising sun, an entrance to the hall of a king. A place where Nothing can be won, at the heart of everything.",
            "color": "gray"
        },
        "icon": {
            "item": "minecraft:blaze_powder"
        },
        "frame": "task",
        "show_toast": true,
        "announce_to_chat": true,
        "hidden": true
    },
    "criteria": {
        "commandtrigger": {
            "trigger": "minecraft:impossible"
        }
    },
    "parent": "primordial:mind"
}