{
    "display": {
        "title": {
            "color": "aqua",
            "text": "Place Between Places"
        },
        "description": {
            "italic": false,
            "color": "gray",
            "text": "You feel like your atoms weren’t properly rearranged. Oh well. - Entered The Terminus"
        },
        "icon": {
            "item": "minecraft:chiseled_quartz_block"
        },
        "frame": "task",
        "show_toast": true,
        "announce_to_chat": true,
        "hidden": true
    },
    "criteria": {
        "terminus": {
            "trigger": "minecraft:location",
            "conditions": {
                "position": {
                    "x": {
                        "min": 26472,
                        "max": 26478
                    },
                    "y": {
                        "min": 0,
                        "max": 255
                    },
                    "z": {
                        "min": -107,
                        "max": -101
                    }
                }
            }
        }
    },
    "parent": "primordial:mythbreaker"
}