{
    "display": {
        "title": {
            "text": "Cast-Aside Thoughts",
            "color": "gold"
        },
        "description": {
            "text": "What's rightfully his has been reclaimed. - Travel east of the painted city, a fallen fragment from the home of the deities.",
            "color": "gray"
        },
        "icon": {
            "item": "minecraft:glowstone_dust"
        },
        "frame": "task",
        "show_toast": true,
        "announce_to_chat": true,
        "hidden": true
    },
    "criteria": {
        "commandtrigger": {
            "trigger": "minecraft:impossible"
        }
    },
    "parent": "primordial:root"
}