{
    "criteria": {
        "commandtrigger": {
            "trigger": "minecraft:impossible"
        }
    },
    "display": {
        "title": {
            "color": "gold",
            "text": "Administrative Privileges"
        },
        "description": {
            "color": "gray",
            "text": "avSYS has deemed you worthy of additional Terminus privileges. You can now open the door to the Administrative Chamber. - Restored Network Linkage to 75%",
            "italic": false
        },
        "icon": {
            "item": "minecraft:diamond"
        },
        "frame": "task",
        "show_toast": true,
        "announce_to_chat": true,
        "hidden": true
    },
    "parent": "primordial:huntforexodus"
}