{
    "rewards": {
        "recipes": [
            "primordial:warriorone","primordial:warriortwo","primordial:warriorthree","primordial:warriorfour","primordial:warriorfive","primordial:warriorsix"
        ]
    },
    "criteria": {
        "commandtrigger": {
            "trigger": "minecraft:impossible"
        }
    },
    "display": {
        "title": {
            "bold": false,
            "text": "The Warrior",
            "color": "blue"
        },
        "description": {
            "text": "A hulking brute with the temper of a Greybison in heat. As The Warrior, you can deal blows faster and with more precision than any other.",
            "italic": false,
            "color": "gray"
        },
        "icon": {
            "item": "minecraft:iron_axe"
        },
        "frame": "task",
        "show_toast": true,
        "announce_to_chat": true,
        "hidden": true
    },
    "parent": "primordial:root"
}