{
    "type": "minecraft:crafting_shaped",
    "pattern": [
        "#P#",
        "DFD",
        "#P#"
    ],
    "key": {
        "#": {
            "item": "minecraft:prismarine_shard"
        },
        "P": {
            "item": "minecraft:prismarine_crystals"
        },
        "D": {
            "item": "minecraft:diamond_block"
        },
        "F": {
            "item": "minecraft:netherite_sword"
        }
    },
    "result": {
        "item": "minecraft:llama_spawn_egg",
        "count": 1
    },
    "group": "Mythic Weapons"
}