{
    "type": "minecraft:crafting_shaped",
    "pattern": [
        "#D#",
        "EBD",
        "III"
    ],
    "key": {
        "#": {
            "item": "minecraft:iron_block"
        },
        "D": {
            "item": "minecraft:diamond"
        },
        "E": {
            "item": "minecraft:ender_pearl"
        },
        "B": {
            "item": "minecraft:bow"
        },
        "I": {
            "item": "minecraft:iron_nugget"
        }
    },
    "result": {
        "item": "minecraft:rabbit_spawn_egg",
        "count": 1
    },
    "group": "Legendary Weapons"
}