{
    "type": "minecraft:crafting_shaped",
    "pattern": [
        "#G#",
        "DQD",
        "RBR"
    ],
    "key": {
        "#": {
            "item": "minecraft:quartz"
        },
        "G": {
            "item": "minecraft:gold_block"
        },
        "D": {
            "item": "minecraft:diamond_block"
        },
        "Q": {
            "item": "minecraft:netherite_sword"
        },
        "R": {
            "item": "minecraft:glowstone"
        },
        "B": {
            "item": "minecraft:blaze_powder"
        }
    },
    "result": {
        "item": "minecraft:cow_spawn_egg",
        "count": 1
    },
    "group": "Mythic Weapons"
}