{
    "type": "minecraft:crafting_shaped",
    "pattern": [
        "iDQ",
        "DSD",
        "QAi"
    ],
    "key": {
        "i": {
            "item": "minecraft:iron_ingot"
        },
        "D": {
            "item": "minecraft:diamond"
        },
        "Q": {
            "item": "minecraft:quartz"
        },
        "S": {
            "item": "minecraft:shield"
        },
        "A": {
            "item": "minecraft:apple"
        }
    },
    "result": {
        "item": "minecraft:strider_spawn_egg",
        "count": 1
    },
    "group": "Shields"
}