{
    "type": "minecraft:crafting_shaped",
    "pattern": [
        "gDG",
        "DSD",
        "GFg"
    ],
    "key": {
        "g": {
            "item": "minecraft:gold_ingot"
        },
        "D": {
            "item": "minecraft:diamond"
        },
        "G": {
            "item": "minecraft:glowstone_dust"
        },
        "S": {
            "item": "minecraft:shield"
        },
        "F": {
            "item": "minecraft:feather"
        }
    },
    "result": {
        "item": "minecraft:mule_spawn_egg",
        "count": 1
    },
    "group": "Shields"
}