{
    "type": "minecraft:crafting_shaped",
    "pattern": [
        "#G#",
        "DKD",
        "#E#"
    ],
    "key": {
        "#": {
            "item": "minecraft:quartz"
        },
        "G": {
            "item": "minecraft:gold_block"
        },
        "D": {
            "item": "minecraft:diamond_block"
        },
        "K": {
            "item": "minecraft:netherite_sword"
        },
        "E": {
            "item": "minecraft:ghast_tear"
        }
    },
    "result": {
        "item": "minecraft:ocelot_spawn_egg",
        "count": 1
    },
    "group": "Mythic Weapons"
}