{
    "type": "minecraft:crafting_shaped",
    "pattern": [
        "#D#",
        "DVD",
        "IWI"
    ],
    "key": {
        "#": {
            "item": "minecraft:dark_oak_leaves"
        },
        "D": {
            "item": "minecraft:dark_oak_wood"
        },
        "V": {
            "item": "minecraft:diamond_axe"
        },
        "I": {
            "item": "minecraft:iron_block"
        },
        "W": {
            "item": "minecraft:dark_oak_sapling"
        }
    },
    "result": {
        "item": "minecraft:wolf_spawn_egg",
        "count": 1
    },
    "group": "Legendary Weapons"
}