{
    "type": "minecraft:crafting_shaped",
    "pattern": [
        "///",
        "DMD",
        "WHW"
    ],
    "key": {
        "/": {
            "item": "minecraft:blaze_rod"
        },
        "D": {
            "item": "minecraft:diamond_block"
        },
        "M": {
            "item": "minecraft:netherite_sword"
        },
        "W": {
            "item": "minecraft:magma_block"
        },
        "H": {
            "item": "minecraft:magma_cream"
        }
    },
    "result": {
        "item": "minecraft:pig_spawn_egg",
        "count": 1
    },
    "group": "Mythic Weapons"
}