{
    "type": "minecraft:crafting_shaped",
    "pattern": [
        "#E#",
        "DND",
        "WMW"
    ],
    "key": {
        "#": {
            "item": "minecraft:obsidian"
        },
        "E": {
            "item": "minecraft:end_crystal"
        },
        "D": {
            "item": "minecraft:diamond_block"
        },
        "N": {
            "item": "minecraft:netherite_sword"
        },
        "W": {
            "item": "minecraft:ender_eye"
        },
        "M": {
            "item": "minecraft:end_stone"
        }
    },
    "result": {
        "item": "minecraft:blaze_spawn_egg",
        "count": 1
    },
    "group": "Mythic Weapons"
}