{
    "type": "minecraft:crafting_shaped",
    "pattern": [
        "#G#",
        "BDB",
        "#G#"
    ],
    "key": {
        "#": {
            "item": "minecraft:smooth_stone"
        },
        "G": {
            "item": "minecraft:golden_apple"
        },
        "B": {
            "item": "minecraft:blaze_powder"
        },
        "D": {
            "item": "minecraft:diamond_sword"
        }
    },
    "result": {
        "item": "minecraft:parrot_spawn_egg",
        "count": 1
    },
    "group": "Legendary Weapons"
}