{
    "type": "minecraft:crafting_shaped",
    "pattern": [
        "###",
        "BNB",
        "QJQ"
    ],
    "key": {
        "#": {
            "item": "minecraft:blackstone"
        },
        "B": {
            "item": "minecraft:blaze_powder"
        },
        "N": {
            "item": "minecraft:netherite_chestplate"
        },
        "Q": {
            "item": "minecraft:quartz"
        },
        "J": {
            "item": "minecraft:netherite_scrap"
        }
    },
    "result": {
        "item": "minecraft:horse_spawn_egg",
        "count": 1
    },
    "group": "Legendary Weapons"
}