{
    "type": "minecraft:crafting_shaped",
    "pattern": [
        "#E#",
        "#D#",
        "G#G"
    ],
    "key": {
        "#": {
            "item": "minecraft:nether_wart"
        },
        "E": {
            "item": "minecraft:ender_eye"
        },
        "D": {
            "item": "minecraft:diamond_sword"
        },
        "G": {
            "item": "minecraft:gold_block"
        }
    },
    "result": {
        "item": "minecraft:vex_spawn_egg",
        "count": 1
    },
    "group": "Legendary Weapons"
}