{
    "type": "minecraft:crafting_shaped",
    "pattern": [
        "#DS",
        "DRD",
        "SB#"
    ],
    "key": {
        "#": {
            "item": "minecraft:spider_eye"
        },
        "D": {
            "item": "minecraft:diamond"
        },
        "S": {
            "item": "minecraft:string"
        },
        "R": {
            "item": "minecraft:shield"
        },
        "B": {
            "item": "minecraft:bone"
        }
    },
    "result": {
        "item": "minecraft:slime_spawn_egg",
        "count": 1
    },
    "group": "Shields"
}