{
    "type": "minecraft:crafting_shaped",
    "pattern": [
        " # ",
        "NIN",
        "DWD"
    ],
    "key": {
        "#": {
            "item": "minecraft:feather"
        },
        "N": {
            "item": "minecraft:netherite_scrap"
        },
        "I": {
            "item": "minecraft:iron_boots"
        },
        "D": {
            "item": "minecraft:diamond"
        },
        "W": {
            "item": "minecraft:wither_skeleton_skull"
        }
    },
    "result": {
        "item": "minecraft:husk_spawn_egg",
        "count": 1
    },
    "group": "Rogue"
}