{
    "type": "minecraft:crafting_shaped",
    "pattern": [
        " # ",
        "ILI",
        "iii"
    ],
    "key": {
        "#": {
            "item": "minecraft:feather"
        },
        "I": {
            "item": "minecraft:iron_block"
        },
        "L": {
            "item": "minecraft:leather_boots"
        },
        "i": {
            "item": "minecraft:iron_ingot"
        }
    },
    "result": {
        "item": "minecraft:zombie_spawn_egg",
        "count": 1
    },
    "group": "Rogue"
}