{
    "type": "minecraft:crafting_shaped",
    "pattern": [
        " # ",
        "PCP",
        "DGD"
    ],
    "key": {
        "#": {
            "item": "minecraft:feather"
        },
        "P": {
            "item": "minecraft:glowstone_dust"
        },
        "C": {
            "item": "minecraft:chainmail_boots"
        },
        "D": {
            "item": "minecraft:diamond"
        },
        "G": {
            "item": "minecraft:ghast_tear"
        }
    },
    "result": {
        "item": "minecraft:stray_spawn_egg",
        "count": 1
    },
    "group": "Rogue"
}