{
    "type": "minecraft:crafting_shaped",
    "pattern": [
        " # ",
        "NDN",
        "UJU"
    ],
    "key": {
        "#": {
            "item": "minecraft:bone"
        },
        "N": {
            "item": "minecraft:netherite_scrap"
        },
        "D": {
            "item": "minecraft:diamond_boots"
        },
        "U": {
            "item": "minecraft:dragon_breath"
        },
        "J": {
            "item": "minecraft:nether_star"
        }
    },
    "result": {
        "item": "minecraft:ravager_spawn_egg",
        "count": 1
    },
    "group": "Warrior"
}