{
    "type": "minecraft:crafting_shaped",
    "pattern": [
        " # ",
        "IGI",
        "DLD"
    ],
    "key": {
        "#": {
            "item": "minecraft:bone"
        },
        "D": {
            "item": "minecraft:diamond"
        },
        "G": {
            "item": "minecraft:golden_boots"
        },
        "L": {
            "item": "minecraft:lapis_lazuli"
	 },
        "I": {
            "item": "minecraft:gold_ingot"
        }
    },
    "result": {
        "item": "minecraft:panda_spawn_egg",
        "count": 1
    },
    "group": "Warrior"
}