{
    "display": {
        "title": {
            "text": "Remnant of Avsohm",
            "color": "green"
        },
        "description": {
            "text": "Once Avsohm's great capital city, it is now merely a remnant of an idyllic golden age. - Discovered Av'Sal",
            "color": "gray"
        },
        "icon": {
            "item": "minecraft:cracked_stone_bricks"
        },
        "frame": "task",
        "show_toast": true,
        "announce_to_chat": true,
        "hidden": true
    },
    "criteria": {
        "avsal": {
            "trigger": "minecraft:location",
            "conditions": {
                "dimension": "overworld",
                "position": {
                    "x": {
                        "min": -255,
                        "max": -186
                    },
                    "y": {
                        "min": 0,
                        "max": 255
                    },
                    "z": {
                        "min": 1559,
                        "max": 1680
                    }
                },
                "smokey": false
            }
        }
    },
    "rewards": {
        "experience": 60
    },
    "parent": "discoveries:discoveries_root"
}