{
    "display": {
        "title": {
            "text": "Vault of Knowledge",
            "color": "yellow"
        },
        "description": {
            "text": "Avsohm stored scores of knowledge within expansive hidden libraries and vaults across the realm. - Discovered the last Avsohmic Vault",
            "color": "gray"
        },
        "icon": {
            "item": "minecraft:enchanted_book"
        },
        "frame": "task",
        "show_toast": true,
        "announce_to_chat": true,
        "hidden": true
    },
    "criteria": {
        "avsohmvault": {
            "trigger": "minecraft:location",
            "conditions": {
                "dimension": "overworld",
                "position": {
                    "x": {
                        "min": -3656,
                        "max": -3609
                    },
                    "y": {
                        "min": 0,
                        "max": 255
                    },
                    "z": {
                        "min": -1212,
                        "max": -1192
                    }
                }
            }
        }
    },
    "rewards": {
        "experience": 55
    },
    "parent": "discoveries:discoveries_root"
}