{
    "display": {
        "title": {
            "color": "dark_gray",
            "text": "The Burnt Palace"
        },
        "description": {
            "text": "Few have entered the Burnt Palace and left to tell the tale. May Virtuo be with ye. - Discovered the Burnt Palace",
            "color": "gray"
        },
        "icon": {
            "item": "minecraft:coal"
        },
        "frame": "task",
        "show_toast": true,
        "announce_to_chat": true,
        "hidden": false
    },
    "criteria": {
        "burntpalace": {
            "trigger": "minecraft:location",
            "conditions": {
                "dimension": "overworld",
                "position": {
                    "x": {
                        "min": -3914,
                        "max": -3391
                    },
                    "y": {
                        "min": 0,
                        "max": 255
                    },
                    "z": {
                        "min": 5951,
                        "max": 6021
                    }
                }
            }
        }
    },
    "rewards": {
        "experience": 55
    },
    "parent": "discoveries:hellcrags"
}