{
    "criteria": {
        "primalcaverns": {
            "trigger": "minecraft:location",
            "conditions": {
                "dimension": "overworld",
                "position": {
                    "x": {
                        "min": 860,
                        "max": 873
                    },
                    "y": {
                        "min": 64,
                        "max": 70
                    },
                    "z": {
                        "min": 514,
                        "max": 531
                    }
                }
            }
        }
    },
    "rewards": {
        "experience": 27
    },
    "display": {
        "title": {
            "text": "Chamber of Dreams",
            "color": "dark_green"
        },
        "description": {
            "text": "Drehmal slumbers deep below, perhaps one day they will awaken. - Stepped into the entrance of the Primal Caverns",
            "italic": false,
            "color": "gray"
        },
        "icon": {
            "item": "minecraft:oak_wood"
        },
        "frame": "task",
        "show_toast": true,
        "announce_to_chat": true,
        "hidden": true
    },
    "parent": "discoveries:discoveries_root"
}