{
    "criteria": {
        "citadel": {
            "trigger": "minecraft:location",
            "conditions": {
                "dimension": "overworld",
                "position": {
                    "y": {
                        "min": 0,
                        "max": 255
                    },
                    "z": {
                        "min": 2210,
                        "max": 2290
                    },
                    "x": {
                        "min": -2626,
                        "max": -2545
                    }
                }
            }
        }
    },
    "display": {
        "title": {
            "color": "dark_aqua",
            "text": "All That Remains"
        },
        "description": {
            "text": "Avsohm was highly technologically advanced, yet they still fell to ruin. - Discovered the Exodus Citadel",
            "italic": false,
            "color": "gray"
        },
        "icon": {
            "item": "minecraft:prismarine_bricks"
        },
        "frame": "task",
        "show_toast": true,
        "announce_to_chat": true,
        "hidden": true
    },
    "rewards": {
        "experience": 112
    },
    "parent": "discoveries:discoveries_root"
}