{
    "display": {
        "title": {
            "text": "This place was beautiful, once",
            "color": "dark_red"
        },
        "description": {
            "color": "gray",
            "italic": false,
            "text": "Half the Heartwood, gone in an instant. - Discovered the epicenter of Mael’s Desolation"
        },
        "icon": {
            "item": "minecraft:fire_charge"
        },
        "frame": "task",
        "show_toast": true,
        "announce_to_chat": true,
        "hidden": true
    },
    "criteria": {
        "desolation": {
            "trigger": "minecraft:location",
            "conditions": {
                "dimension": "overworld",
                "position": {
                    "x": {
                        "min": 795,
                        "max": 1233
                    },
                    "y": {
                        "min": 0,
                        "max": 255
                    },
                    "z": {
                        "min": 3600,
                        "max": 4015
                    }
                }
            }
        }
    },
    "rewards": {
        "experience": 40
    },
    "parent": "discoveries:discoveries_root"
}