{
    "display": {
        "title": {
            "text": "DISCOVERIES",
            "color": "light_purple",
            "bold": true,
            "italic": false
        },
        "description": {
            "color": "gray",
            "text": "Drehmal is host to many secrets, could you discover them all?",
            "bold": false,
            "italic": false
        },
        "icon": {
            "item": "minecraft:filled_map"
        },
        "frame": "task",
        "show_toast": true,
        "announce_to_chat": false,
        "hidden": false,
        "background": "minecraft:textures/gui/advancements/backgrounds/stone.png"
    },
    "criteria": {
        "initialize": {
            "trigger": "minecraft:enter_block",
            "conditions": {
                "block": "minecraft:air"
            }
        }
    }
}