{
    "display": {
        "title": {
            "text": "Divine Ruins",
            "color": "aqua"
        },
        "description": {
            "text": "How did this get here...? - Discovered a fragmented shrine of Lo'Dahr",
            "color": "gray"
        },
        "icon": {
            "item": "minecraft:white_stained_glass_pane"
        },
        "frame": "task",
        "show_toast": true,
        "announce_to_chat": true,
        "hidden": true
    },
    "criteria": {
        "divineruins": {
            "trigger": "minecraft:location",
            "conditions": {
                "dimension": "overworld",
                "position": {
                    "x": {
                        "min": 27218,
                        "max": 27224
                    },
                    "y": {
                        "min": 0,
                        "max": 255
                    },
                    "z": {
                        "min": -166,
                        "max": -169
                    }
                }
            }
        }
    },
    "rewards": {
        "experience": 160
    },
    "parent": "discoveries:moon"
}