{
    "display": {
        "title": {
            "text": "Domain of Maelihs",
            "color": "dark_red"
        },
        "description": {
            "color": "gray",
            "text": "Burnt God of War, Chaos, and Destruction. - Simply walked into the Hellcrags",
            "italic": false
        },
        "icon": {
            "item": "minecraft:nether_bricks"
        },
        "frame": "task",
        "show_toast": true,
        "announce_to_chat": true,
        "hidden": true
    },
    "rewards": {
        "experience": 160
    },
    "criteria": {
        "hellcrags": {
            "trigger": "minecraft:location",
            "conditions": {
                "dimension": "overworld",
                "position": {
                    "x": {
                        "min": -4405,
                        "max": -3715
                    },
                    "y": {
                        "min": 0,
                        "max": 255
                    },
                    "z": {
                        "min": 5715,
                        "max": 6220
                    }
                }
            }
        }
    },
    "parent": "discoveries:discoveries_root"
}