{
    "display": {
        "title": {
            "text": "Grave of Frost",
            "color": "dark_blue"
        },
        "description": {
            "text": "A master arcanist of unlimited potentia, he froze the North in rebellion to Avsohm. - Discovered the resting place of Homli Tahsgan",
            "color": "gray"
        },
        "icon": {
            "item": "minecraft:blue_ice"
        },
        "frame": "task",
        "show_toast": true,
        "announce_to_chat": true,
        "hidden": true
    },
    "criteria": {
        "homligrave": {
            "trigger": "minecraft:location",
            "conditions": {
                "dimension": "overworld",
                "position": {
                    "x": {
                        "min": 2241,
                        "max": 2375
                    },
                    "y": {
                        "min": 0,
                        "max": 255
                    },
                    "z": {
                        "min": -3026,
                        "max": -2898
                    }
                }
            }
        }
    },
    "rewards": {
        "experience": 94
    },
    "parent": "discoveries:discoveries_root"
}