{
    "rewards": {
        "experience": 55
    },
    "display": {
        "title": {
            "text": "Disappearing Act"
        },
        "description": {
            "text": "The Order of Insohm had their headquarters here, now it’s just a crater. What could have done this? - Discovered the Castle Hovadchear Crater",
            "color": "gray"
        },
        "icon": {
            "item": "minecraft:stone"
        },
        "frame": "task",
        "show_toast": true,
        "announce_to_chat": true,
        "hidden": true
    },
    "criteria": {
        "castlecrater": {
            "trigger": "minecraft:location",
            "conditions": {
                "dimension": "overworld",
                "position": {
                    "x": {
                        "min": 3148,
                        "max": 3298
                    },
                    "y": {
                        "min": 0,
                        "max": 255
                    },
                    "z": {
                        "min": 1730,
                        "max": 1907
                    }
                }
            }
        }
    },
    "parent": "discoveries:discoveries_root"
}