{
    "display": {
        "title": {
            "color": "aqua",
            "text": "Domain of Virtuo"
        },
        "description": {
            "text": " Goddess of Peace, Purity, and Perfection. - Discovered the Kiln of Virtuo",
            "color": "gray",
            "italic": false
        },
        "icon": {
            "item": "minecraft:tube_coral_block"
        },
        "frame": "task",
        "show_toast": true,
        "announce_to_chat": true,
        "hidden": true
    },
    "criteria": {
        "kiln": {
            "trigger": "minecraft:location",
            "conditions": {
                "dimension": "overworld",
                "position": {
                    "x": {
                        "min": 3260,
                        "max": 3346
                    },
                    "y": {
                        "min": 0,
                        "max": 255
                    },
                    "z": {
                        "min": 3334,
                        "max": 3420
                    }
                }
            }
        }
    },
    "rewards": {
        "experience": 55
    },
    "parent": "discoveries:discoveries_root"
}