{
    "display": {
        "title": {
            "text": "The Insohmic Library"
        },
        "description": {
            "text": "After the disappearance of Castle Hovadchear, this was the Order of Insohm's headquarters. - Discovered the Old Library Tower",
            "color": "gray"
        },
        "icon": {
            "item": "minecraft:bookshelf"
        },
        "frame": "task",
        "show_toast": true,
        "announce_to_chat": true,
        "hidden": true
    },
    "criteria": {
        "library": {
            "trigger": "minecraft:location",
            "conditions": {
                "dimension": "overworld",
                "position": {
                    "x": {
                        "min": 4534,
                        "max": 4578
                    },
                    "y": {
                        "min": 0,
                        "max": 255
                    },
                    "z": {
                        "min": 1575,
                        "max": 1601
                    }
                }
            }
        }
    },
    "rewards": {
        "experience": 35
    },
    "parent": "discoveries:discoveries_root"
}