{
    "display": {
        "title": {
            "text": "Wall of the West",
            "color": "gray"
        },
        "description": {
            "text": "BIG WALL. - Discovered Maehrn'Vhos ",
            "color": "gray"
        },
        "icon": {
            "item": "minecraft:stone_brick_wall"
        },
        "frame": "task",
        "show_toast": true,
        "announce_to_chat": true,
        "hidden": true
    },
    "criteria": {
        "bigwall": {
            "trigger": "minecraft:location",
            "conditions": {
                "dimension": "overworld",
                "position": {
                    "x": {
                        "min": -2260,
                        "max": -2077
                    },
                    "y": {
                        "min": 0,
                        "max": 255
                    },
                    "z": {
                        "min": -162,
                        "max": -100
                    }
                }
            }
        }
    },
    "rewards": {
        "experience": 234
    },
    "parent": "discoveries:discoveries_root"
}