{
    "rewards": {
        "experience": 91
    },
    "display": {
        "title": {
            "text": "Meat. They're made out of meat.",
            "color": "dark_red"
        },
        "description": {
            "text": "Who wants to meet meat? - Discovered the Birthing Grounds",
            "color": "gray",
            "italic": false
        },
        "icon": {
            "item": "minecraft:red_glazed_terracotta"
        },
        "frame": "task",
        "show_toast": true,
        "announce_to_chat": true,
        "hidden": true
    },
    "criteria": {
        "meat": {
            "trigger": "minecraft:location",
            "conditions": {
                "dimension": "overworld",
                "position": {
                    "x": {
                        "min": -2505,
                        "max": -2262
                    },
                    "y": {
                        "min": 70,
                        "max": 110
                    },
                    "z": {
                        "min": 5290,
                        "max": 5882
                    }
                }
            }
        }
    },
    "parent": "discoveries:discoveries_root"
}