{
    "criteria": {
        "commandtrigger": {
            "trigger": "minecraft:impossible"
        }
    },
    "display": {
        "title": {
            "color": "red",
            "text": "Beat The Meat"
        },
        "description": {
            "color": "gray",
            "italic": false,
            "text": "Thinking meat! You're asking me to believe in thinking meat. - Defeat a Meat Baby"
        },
        "icon": {
            "item": "minecraft:nether_wart_block"
        },
        "frame": "task",
        "show_toast": true,
        "announce_to_chat": true,
        "hidden": true
    },
    "parent": "discoveries:meat"
}