{
    "rewards": {
        "experience": 160
    },
    "criteria": {
        "moonbiome": {
            "trigger": "minecraft:location",
            "conditions": {
                "dimension": "overworld",
                "position": {
                    "x": {
                        "min": 3000,
                        "max": 3385
                    },
                    "y": {
                        "min": 0,
                        "max": 255
                    },
                    "z": {
                        "min": -1126,
                        "max": -890
                    }
                }
            }
        }
    },
    "display": {
        "title": {
            "text": "I'm on the moooon... it's made of cheeeeese...",
            "color": "yellow"
        },
        "description": {
            "italic": false,
            "color": "gray",
            "text": "Why do I feel so much lighter? - Discovered a sunken Astral Body"
        },
        "icon": {
            "item": "minecraft:light_gray_concrete_powder"
        },
        "frame": "task",
        "show_toast": true,
        "announce_to_chat": true,
        "hidden": true
    },
    "parent": "discoveries:discoveries_root"
}