{
    "display": {
        "title": {
            "text": "The Beast's Den",
            "color": "dark_red"
        },
        "description": {
            "text": "Greatbeast Muhs, Aspect of Beasts, was hunted down and murdered in Av2 1583 by a group wishing to attain his power. In the end, they failed. - Discovered the Underwood, den of Greatbeast Muhs",
            "color": "gray"
        },
        "icon": {
            "item": "minecraft:leather"
        },
        "frame": "task",
        "show_toast": true,
        "announce_to_chat": true,
        "hidden": true
    },
    "criteria": {
        "underwood": {
            "trigger": "minecraft:location",
            "conditions": {
                "dimension": "overworld",
                "position": {
                    "x": {
                        "min": 841,
                        "max": 1082
                    },
                    "y": {
                        "min": 50,
                        "max": 75
                    },
                    "z": {
                        "min": 2586,
                        "max": 2904
                    }
                }
            }
        }
    },
    "rewards": {
        "experience": 215
    },
    "parent": "discoveries:discoveries_root"
}