{
    "display": {
        "title": {
            "color": "aqua",
            "text": "The Lost Cavern"
        },
        "description": {
            "color": "gray",
            "italic": false,
            "text": "Ages ago, Avsohm used this cave to gather Rehntite, an incredibly strong mineral with untold arcane potential. Unfortunately, the method of extraction has been lost to time. - Discovered the Rehntite Cave"
        },
        "icon": {
            "item": "minecraft:cyan_concrete_powder"
        },
        "frame": "task",
        "show_toast": true,
        "announce_to_chat": true,
        "hidden": true
    },
    "rewards": {
        "experience": 394
    },
    "criteria": {
        "rehntitecave": {
            "trigger": "minecraft:location",
            "conditions": {
                "dimension": "overworld",
                "position": {
                    "x": {
                        "min": 1514,
                        "max": 1689
                    },
                    "y": {
                        "min": 0,
                        "max": 60
                    },
                    "z": {
                        "min": -2826,
                        "max": -2549
                    }
                }
            }
        }
    },
    "parent": "discoveries:discoveries_root"
}