{
    "display": {
        "title": {
            "text": "Resonant Halls",
            "color": "dark_gray"
        },
        "description": {
            "text": "The emptiness of your soul feels strongest here. - Discovered the innermost halls of Mt. Yavhlix",
            "color": "gray"
        },
        "icon": {
            "item": "minecraft:black_concrete"
        },
        "frame": "task",
        "show_toast": true,
        "announce_to_chat": true,
        "hidden": true
    },
    "criteria": {
        "spookyhalls": {
            "trigger": "minecraft:location",
            "conditions": {
                "dimension": "overworld",
                "position": {
                    "x": {
                        "min": 26926,
                        "max": 26936
                    },
                    "y": {
                        "min": 27,
                        "max": 34
                    },
                    "z": {
                        "min": -139,
                        "max": -125
                    }
                }
            }
        }
    },
    "rewards": {
        "experience": 95
    },
    "parent": "discoveries:yavhlixdiscovery"
}