{
    "display": {
        "title": {
            "text": "Capital of War",
            "color": "gold"
        },
        "description": {
            "text": "Sal'Anyr's fall marked the beginning of the Dune Wars, and the start of the third Avihm. - Discovered the ruins of Sal'Anyr",
            "color": "gray"
        },
        "icon": {
            "item": "minecraft:golden_sword"
        },
        "frame": "task",
        "show_toast": true,
        "announce_to_chat": true,
        "hidden": true
    },
    "criteria": {
        "salanyr": {
            "trigger": "minecraft:location",
            "conditions": {
                "dimension": "overworld",
                "position": {
                    "x": {
                        "min": -3406,
                        "max": -3327
                    },
                    "y": {
                        "min": 129,
                        "max": 255
                    },
                    "z": {
                        "min": 2187,
                        "max": 2282
                    }
                }
            }
        }
    },
    "rewards": {
        "experience": 178
    },
    "parent": "discoveries:discoveries_root"
}