{
    "display": {
        "title": {
            "text": "Temporal Ruins",
            "color": "dark_purple"
        },
        "description": {
            "text": "An ancient city of science and knowledge, locked in a temporal stasis preventing structural degradation. - Discovered Sal'Mevir",
            "color": "gray"
        },
        "icon": {
            "item": "minecraft:chiseled_quartz_block"
        },
        "frame": "task",
        "show_toast": true,
        "announce_to_chat": true,
        "hidden": true
    },
    "criteria": {
        "salmevir": {
            "trigger": "minecraft:location",
            "conditions": {
                "dimension": "overworld",
                "position": {
                    "x": {
                        "min": 2244,
                        "max": 2610
                    },
                    "y": {
                        "min": 0,
                        "max": 255
                    },
                    "z": {
                        "min": 974,
                        "max": 1235
                    }
                }
            }
        }
    },
    "rewards": {
        "experience": 86
    },
    "parent": "discoveries:discoveries_root"
}