{
    "display": {
        "title": {
            "text": "The Moonlight Sanctum",
            "color": "dark_aqua"
        },
        "description": {
            "text": "The Tri-Moon Theocracy used this place as a necrotic engine. Using the potentia of strange aquatic creatures, they performed abhorrent rituals and raised thousands of undead. - Discovered the Moonlight Sanctum",
            "color": "gray"
        },
        "icon": {
            "item": "minecraft:prismarine_crystals"
        },
        "frame": "task",
        "show_toast": true,
        "announce_to_chat": true,
        "hidden": true
    },
    "criteria": {
        "sanctum": {
            "trigger": "minecraft:location",
            "conditions": {
                "dimension": "overworld",
                "position": {
                    "x": {
                        "min": -692,
                        "max": -566
                    },
                    "y": {
                        "min": 52,
                        "max": 82
                    },
                    "z": {
                        "min": 4858,
                        "max": 4973
                    }
                }
            }
        }
    },
    "rewards": {
        "experience": 55
    },
    "parent": "discoveries:discoveries_root"
}