{
    "display": {
        "title": {
            "text": "The Scarred Castle",
            "color": "dark_gray"
        },
        "description": {
            "text": "The Order of Insohm used this castle as a base of operations as they reconquered the land from Maelihs. The castle fell to ruin after political instability destroyed the order. - Discovered Castle Scarstone",
            "color": "gray"
        },
        "icon": {
            "item": "minecraft:cracked_stone_bricks"
        },
        "frame": "task",
        "show_toast": true,
        "announce_to_chat": true,
        "hidden": true
    },
    "rewards": {
        "experience": 91
    },
    "criteria": {
        "scarstone": {
            "trigger": "minecraft:location",
            "conditions": {
                "dimension": "overworld",
                "position": {
                    "x": {
                        "min": 2452,
                        "max": 2497
                    },
                    "y": {
                        "min": 181,
                        "max": 223
                    },
                    "z": {
                        "min": 2116,
                        "max": 2167
                    }
                }
            }
        }
    },
    "parent": "discoveries:discoveries_root"
}