{
    "display": {
        "title": {
            "color": "green",
            "text": "Ohh, bouncy!"
        },
        "description": {
            "italic": false,
            "text": "Do you think it's alive? - Discovered the Slime Island",
            "color": "gray"
        },
        "icon": {
            "item": "minecraft:slime_block"
        },
        "frame": "task",
        "show_toast": true,
        "announce_to_chat": true,
        "hidden": true
    },
    "criteria": {
        "slime": {
            "trigger": "minecraft:location",
            "conditions": {
                "dimension": "overworld",
                "position": {
                    "x": {
                        "min": -1375,
                        "max": -1095
                    },
                    "y": {
                        "min": 59,
                        "max": 165
                    },
                    "z": {
                        "min": 3520,
                        "max": 3888
                    }
                }
            }
        }
    },
    "rewards": {
        "experience": 160
    },
    "parent": "discoveries:discoveries_root"
}