{
    "display": {
        "title": {
            "text": "The Court",
            "color": "gold"
        },
        "description": {
            "text": "Face ultimate judgement. - Entered the Court of Nothing",
            "color": "gray"
        },
        "icon": {
            "item": "minecraft:yellow_stained_glass"
        },
        "frame": "task",
        "show_toast": true,
        "announce_to_chat": true,
        "hidden": true
    },
    "criteria": {
        "court": {
            "trigger": "minecraft:location",
            "conditions": {
                "dimension": "overworld",
                "position": {
                    "x": {
                        "min": 27293,
                        "max": 27298
                    },
                    "y": {
                        "min": 0,
                        "max": 255
                    },
                    "z": {
                        "min": -104,
                        "max": -94
                    }
                }
            }
        }
    },
    "rewards": {
        "experience": 500
    },
    "parent": "discoveries:discoveries_root"
}