{
    "display": {
        "title": {
            "color": "dark_purple",
            "text": "A Mountain of Holes"
        },
        "description": {
            "text": "This mountain emanates a strange, resonating energy. You feel… empty. - Journeyed to Mt. Yavhlix",
            "color": "gray",
            "italic": false
        },
        "icon": {
            "item": "minecraft:dead_brain_coral_block"
        },
        "frame": "task",
        "show_toast": true,
        "announce_to_chat": true,
        "hidden": true
    },
    "rewards": {
        "experience": 315
    },
    "criteria": {
        "yavhlix": {
            "trigger": "minecraft:location",
            "conditions": {
                "dimension": "overworld",
                "position": {
                    "x": {
                        "min": 1597,
                        "max": 1920
                    },
                    "y": {
                        "min": 0,
                        "max": 255
                    },
                    "z": {
                        "min": -4442,
                        "max": -4215
                    }
                }
            }
        }
    },
    "parent": "discoveries:discoveries_root"
}