{
    "criteria": {
        "command": {
            "trigger": "minecraft:impossible"
        }
    },
    "rewards": {
        "recipes": [
            "weapons:ascendance"
        ]
    },
    "display": {
        "title": {
            "text": "Ascendance",
            "color": "gold"
        },
        "description": {
            "color": "gray",
            "text": "Recipe for the Sword of the Ascendance, channeler of divinity, unlocked."
        },
        "icon": {
            "item": "minecraft:llama_spawn_egg"
        },
        "frame": "task",
        "show_toast": true,
        "announce_to_chat": true,
        "hidden": true
    },
    "parent": "weapons:mythical"
}