{
    "display": {
        "title": {
            "text": "Calamity",
            "color": "gold"
        },
        "description": {
            "text": "Recipe for Calamity, claws of a vanquished Skullbeast, unlocked.",
            "color": "gray"
        },
        "icon": {
            "item": "minecraft:cow_spawn_egg"
        },
        "frame": "task",
        "show_toast": true,
        "announce_to_chat": true,
        "hidden": true
    },
    "criteria": {
        "command": {
            "trigger": "minecraft:impossible"
        }
    },
    "rewards": {
        "recipes": [
            "weapons:calamity"
        ]
    },
    "parent": "weapons:mythical"
}