{
    "display": {
        "title": {
            "text": "Crystal Digging Claw",
            "color": "dark_purple"
        },
        "description": {
            "text": "Recipe for the Crystal Digging Claw, tool of pride, unlocked.",
            "color": "gray"
        },
        "icon": {
            "item": "minecraft:cat_spawn_egg"
        },
        "frame": "task",
        "show_toast": true,
        "announce_to_chat": true,
        "hidden": true
    },
    "criteria": {
        "command": {
            "trigger": "minecraft:impossible"
        }
    },
    "rewards": {
        "recipes": [
            "weapons:crystalclaw"
        ]
    },
    "parent": "weapons:legendary"
}