{
    "display": {
        "announce_to_chat": true,
        "frame": "task",
        "icon": {
            "item": "minecraft:chicken_spawn_egg"
        },
        "hidden": true,
        "description": {
            "text": "Recipe for the Flammer, the explosive mining tool, unlocked.",
            "color": "gray"
        },
        "show_toast": true,
        "title": {
            "color": "dark_purple",
            "text": "Flammer"
        }
    },
    "criteria": {
        "command": {
            "trigger": "minecraft:impossible"
        }
    },
    "rewards": {
        "recipes": [
            "weapons:flammer"
        ]
    },
    "parent": "weapons:legendary"
}