{
    "display": {
        "title": {
            "text": "Frenzy",
            "color": "gold"
        },
        "description": {
            "text": "Recipe for Frenzy, the condensed hatred of Sahd, unlocked",
            "color": "gray"
        },
        "icon": {
            "item": "minecraft:ocelot_spawn_egg"
        },
        "frame": "task",
        "show_toast": true,
        "announce_to_chat": true,
        "hidden": true
    },
    "criteria": {
        "command": {
            "trigger": "minecraft:impossible"
        }
    },
    "rewards": {
        "recipes": [
            "weapons:frenzy"
        ]
    },
    "parent": "weapons:mythical"
}