{
    "display": {
        "title": {
            "text": "Avsohm'Kohl",
            "color": "dark_purple"
        },
        "description": {
            "text": "Recipe for Avsohm'Kohl, wings of a civilization long past, unlocked.",
            "color": "gray"
        },
        "icon": {
            "item": "minecraft:elytra"
        },
        "frame": "task",
        "show_toast": true,
        "announce_to_chat": true,
        "hidden": true
    },
    "criteria": {
        "command": {
            "trigger": "minecraft:impossible"
        }
    },
    "rewards": {
        "recipes": [
            "weapons:glider"
        ]
    },
    "parent": "weapons:legendary"
}