{
    "criteria": {
        "command": {
            "trigger": "minecraft:impossible"
        }
    },
    "rewards": {
        "recipes": [
            "weapons:heartaxe"
        ]
    },
    "display": {
        "description": {
            "color": "gray",
            "text": "Recipe for the Heartaxe, weapon of fables, unlocked."
        },
        "hidden": true,
        "icon": {
            "item": "minecraft:wolf_spawn_egg"
        },
        "show_toast": true,
        "frame": "task",
        "announce_to_chat": true,
        "title": {
            "color": "dark_purple",
            "text": "The Heartaxe"
        }
    },
    "parent": "weapons:legendary"
}