{
    "display": {
        "title": {
            "color": "gold",
            "text": "Mythical"
        },
        "description": {
            "color": "gray",
            "text": "Few weapons achieve this status. Uncovering an immensely powerful Mythical weapon requires skill of the highest caliber."
        },
        "icon": {
            "item": "minecraft:nether_star"
        },
        "frame": "task",
        "show_toast": false,
        "announce_to_chat": false,
        "hidden": false
    },
    "criteria": {
        "init": {
            "trigger": "minecraft:location",
            "conditions": {
                "dimension": "overworld"
            }
        }
    },
    "parent": "weapons:primordial_root"
}