{
    "display": {
        "title": {
            "color": "gold",
            "text": "Mythbreaker"
        },
        "description": {
            "text": "Recipe for Mythbreaker, a gift to commemorate Nothing, unlocked.",
            "color": "gray"
        },
        "icon": {
            "item": "minecraft:blaze_spawn_egg"
        },
        "frame": "task",
        "show_toast": true,
        "announce_to_chat": true,
        "hidden": true
    },
    "criteria": {
        "command": {
            "trigger": "minecraft:impossible"
        }
    },
    "rewards": {
        "recipes": [
            "weapons:mythbreaker"
        ]
    },
    "parent": "weapons:mythical"
}