{
    "criteria": {
        "command": {
            "trigger": "minecraft:impossible"
        }
    },
    "rewards": {
        "recipes": [
            "weapons:osteogenesis"
        ]
    },
    "display": {
        "hidden": true,
        "description": {
            "text": "Recipe for Osteogenesis, the bane of Skullbeasts, unlocked.",
            "color": "gray"
        },
        "show_toast": true,
        "frame": "task",
        "icon": {
            "item": "minecraft:endermite_spawn_egg"
        },
        "announce_to_chat": true,
        "title": {
            "text": "Osteogenesis",
            "color": "dark_purple"
        }
    },
    "parent": "weapons:legendary"
}