{
    "display": {
        "title": {
            "bold": true,
            "color": "aqua",
            "text": "WEAPONS OF LEGEND",
            "italic": false
        },
        "description": {
            "color": "gray",
            "italic": false,
            "text": "Drehmal holds many ancient, powerful weapons with storied pasts. Use them to conquer your foes.",
            "bold": false
        },
        "icon": {
            "item": "minecraft:diamond_sword"
        },
        "frame": "task",
        "show_toast": true,
        "announce_to_chat": false,
        "hidden": false,
        "background": "minecraft:textures/gui/advancements/backgrounds/stone.png"
    },
    "criteria": {
        "init": {
            "trigger": "minecraft:location",
            "conditions": {
                "dimension": "overworld"
            }
        }
    }
}