{
    "display": {
        "title": {
            "text": "Spider Buckler",
            "color": "dark_purple"
        },
        "description": {
            "text": "Recipe for the Spider Buckler, defender of Warriors, unlocked.",
            "color": "gray"
        },
        "icon": {
            "item": "minecraft:slime_spawn_egg"
        },
        "frame": "task",
        "show_toast": true,
        "announce_to_chat": true,
        "hidden": true
    },
    "criteria": {
        "command": {
            "trigger": "minecraft:impossible"
        }
    },
    "rewards": {
        "recipes": [
            "weapons:spidershield"
        ]
    },
    "parent": "weapons:legendary"
}