{
    "rewards": {
        "recipes": [
            "weapons:voidteardagger"
        ]
    },
    "criteria": {
        "command": {
            "trigger": "minecraft:impossible"
        }
    },
    "display": {
        "frame": "task",
        "announce_to_chat": true,
        "icon": {
            "item": "minecraft:silverfish_spawn_egg"
        },
        "title": {
            "color": "dark_purple",
            "text": "Voidtear Dagger"
        },
        "description": {
            "color": "gray",
            "text": "Recipe for the Voidtear Dagger, a weapon of odd interdimensional properties, unlocked."
        },
        "hidden": true,
        "show_toast": true
    },
    "parent": "weapons:legendary"
}